url_path,views_total,views_unique
/Feel-ix-343/markdown-oxide,855,623
/Feel-ix-343/markdown-oxide/issues,35,22
/Feel-ix-343/markdown-oxide/releases,15,11
/Feel-ix-343/markdown-oxide/releases/tag/v0.25.12,9,9
/Feel-ix-343/markdown-oxide/issues/263,9,5
/Feel-ix-343/markdown-oxide/tree/main/docs,8,8
/Feel-ix-343/markdown-oxide/tree/main/docs/Markdown Oxide Docs,8,5
/Feel-ix-343/markdown-oxide/tree/main/vscode-extension,7,2
/Feel-ix-343/markdown-oxide/tree/main/src,6,6
/Feel-ix-343/markdown-oxide/commits/main,6,5
